7f1160,127.0.0.1,GET,http://localhost:8888/async/dashboardnews,1446181047,ec2a8e
0a7249,127.0.0.1,GET,http://localhost:8888/async/latestactivity,1446181047,ec2a8e
ec2a8e,::1,GET,http://localhost:8888/bolt,1446181047,
cc473c,::1,GET,http://localhost:8888/bolt/profile,1446181057,
d0d4ee,::1,POST,http://localhost:8888/bolt/profile,1446181082,
f24f72,::1,GET,http://localhost:8888/bolt/profile,1446181082,
518dff,::1,POST,http://localhost:8888/bolt/logout,1446181085,
6d1f4b,127.0.0.1,GET,http://localhost:8888/async/dashboardnews,1446181092,b4d586
d2f9de,127.0.0.1,GET,http://localhost:8888/async/latestactivity,1446181092,b4d586
b4d586,::1,GET,http://localhost:8888/bolt,1446181092,
0768b4,::1,GET,http://localhost:8888/async/latestactivity,1446181122,
20d893,::1,GET,http://localhost:8888/async/latestactivity,1446181152,
658953,::1,GET,http://localhost:8888/async/latestactivity,1446181182,
003b57,::1,GET,http://localhost:8888/async/latestactivity,1446181212,
12b26c,::1,GET,http://localhost:8888/async/latestactivity,1446181242,
3afbd1,::1,GET,http://localhost:8888/async/latestactivity,1446181272,
431976,::1,GET,http://localhost:8888/async/latestactivity,1446181302,
